DO $$
DECLARE
    V_SENHA TEXT := '$2b$10$0Yx/xGqjAy6MBM8XRn.yUucPQTZoF9ghffZz9yEY/vbvthiLb4nSm';
    V_SIT_NOVO INTEGER;
    V_SIT_ENTREGUE INTEGER;
    V_SIT_CANCELADO INTEGER;
    V_USUARIO_ANA INTEGER;
    V_USUARIO_BRUNO INTEGER;
    V_USUARIO_CARLA INTEGER;
    V_USUARIO_FORNECEDOR INTEGER;
    V_ENDERECO_ID INTEGER;
    V_CLIENTE_ANA INTEGER;
    V_CLIENTE_BRUNO INTEGER;
    V_CLIENTE_CARLA INTEGER;
    V_FORNECEDOR_ID INTEGER;
    V_PRODUTO_NOTEBOOK INTEGER;
    V_PRODUTO_MOUSE INTEGER;
    V_PRODUTO_TECLADO INTEGER;
    V_PRODUTO_MONITOR INTEGER;
    V_PRODUTO_HEADSET INTEGER;
    V_PRODUTO_WEBCAM INTEGER;
    V_PRODUTO_CADEIRA INTEGER;
    V_PRODUTO_SSD INTEGER;
    V_PRODUTO_MEMORIA INTEGER;
    V_PRODUTO_ROTEADOR INTEGER;
    V_PRODUTO_IMPRESSORA INTEGER;
    V_PRODUTO_TABLET INTEGER;
    V_PEDIDO_ID INTEGER;
BEGIN
    SELECT PEDIDO_SITUACAO.PEDIDO_SITUACAO_ID INTO V_SIT_NOVO FROM PEDIDO_SITUACAO WHERE PEDIDO_SITUACAO.DESCRICAO = 'NOVO';
    SELECT PEDIDO_SITUACAO.PEDIDO_SITUACAO_ID INTO V_SIT_ENTREGUE FROM PEDIDO_SITUACAO WHERE PEDIDO_SITUACAO.DESCRICAO = 'ENTREGUE';
    SELECT PEDIDO_SITUACAO.PEDIDO_SITUACAO_ID INTO V_SIT_CANCELADO FROM PEDIDO_SITUACAO WHERE PEDIDO_SITUACAO.DESCRICAO = 'CANCELADO';
    INSERT INTO USUARIO (EMAIL, SENHA, TIPO) VALUES ('ana.cliente@loja.com', V_SENHA, 2) ON CONFLICT (EMAIL) DO UPDATE SET EMAIL = EXCLUDED.EMAIL RETURNING USUARIO_ID INTO V_USUARIO_ANA;
    IF NOT EXISTS (SELECT 1 FROM CLIENTE WHERE CLIENTE.USUARIO_ID = V_USUARIO_ANA) THEN
        INSERT INTO ENDERECO (CIDADE, ESTADO, RUA, NUMERO, COMPLEMENTO, BAIRRO, CEP) VALUES ('Caxias do Sul', 'RS', 'Rua Ana Teste', '101', NULL, 'Centro', '95000-001') RETURNING ENDERECO_ID INTO V_ENDERECO_ID;
        INSERT INTO CLIENTE (USUARIO_ID, ENDERECO_ID, NOME, TELEFONE, CARTAO_CREDITO) VALUES (V_USUARIO_ANA, V_ENDERECO_ID, 'Ana Cliente', '54999990001', '1111222233334444') RETURNING CLIENTE_ID INTO V_CLIENTE_ANA;
    ELSE
        SELECT CLIENTE.CLIENTE_ID INTO V_CLIENTE_ANA FROM CLIENTE WHERE CLIENTE.USUARIO_ID = V_USUARIO_ANA;
    END IF;
    INSERT INTO USUARIO (EMAIL, SENHA, TIPO) VALUES ('bruno.cliente@loja.com', V_SENHA, 2) ON CONFLICT (EMAIL) DO UPDATE SET EMAIL = EXCLUDED.EMAIL RETURNING USUARIO_ID INTO V_USUARIO_BRUNO;
    IF NOT EXISTS (SELECT 1 FROM CLIENTE WHERE CLIENTE.USUARIO_ID = V_USUARIO_BRUNO) THEN
        INSERT INTO ENDERECO (CIDADE, ESTADO, RUA, NUMERO, COMPLEMENTO, BAIRRO, CEP) VALUES ('Bento Gonçalves', 'RS', 'Rua Bruno Teste', '202', NULL, 'São Bento', '95700-001') RETURNING ENDERECO_ID INTO V_ENDERECO_ID;
        INSERT INTO CLIENTE (USUARIO_ID, ENDERECO_ID, NOME, TELEFONE, CARTAO_CREDITO) VALUES (V_USUARIO_BRUNO, V_ENDERECO_ID, 'Bruno Cliente', '54999990002', '2222333344445555') RETURNING CLIENTE_ID INTO V_CLIENTE_BRUNO;
    ELSE
        SELECT CLIENTE.CLIENTE_ID INTO V_CLIENTE_BRUNO FROM CLIENTE WHERE CLIENTE.USUARIO_ID = V_USUARIO_BRUNO;
    END IF;
    INSERT INTO USUARIO (EMAIL, SENHA, TIPO) VALUES ('carla.cliente@loja.com', V_SENHA, 2) ON CONFLICT (EMAIL) DO UPDATE SET EMAIL = EXCLUDED.EMAIL RETURNING USUARIO_ID INTO V_USUARIO_CARLA;
    IF NOT EXISTS (SELECT 1 FROM CLIENTE WHERE CLIENTE.USUARIO_ID = V_USUARIO_CARLA) THEN
        INSERT INTO ENDERECO (CIDADE, ESTADO, RUA, NUMERO, COMPLEMENTO, BAIRRO, CEP) VALUES ('Farroupilha', 'RS', 'Rua Carla Teste', '303', NULL, 'Centro', '95180-001') RETURNING ENDERECO_ID INTO V_ENDERECO_ID;
        INSERT INTO CLIENTE (USUARIO_ID, ENDERECO_ID, NOME, TELEFONE, CARTAO_CREDITO) VALUES (V_USUARIO_CARLA, V_ENDERECO_ID, 'Carla Cliente', '54999990003', '3333444455556666') RETURNING CLIENTE_ID INTO V_CLIENTE_CARLA;
    ELSE
        SELECT CLIENTE.CLIENTE_ID INTO V_CLIENTE_CARLA FROM CLIENTE WHERE CLIENTE.USUARIO_ID = V_USUARIO_CARLA;
    END IF;
    INSERT INTO USUARIO (EMAIL, SENHA, TIPO) VALUES ('fornecedor.api@loja.com', V_SENHA, 3) ON CONFLICT (EMAIL) DO UPDATE SET EMAIL = EXCLUDED.EMAIL RETURNING USUARIO_ID INTO V_USUARIO_FORNECEDOR;
    IF NOT EXISTS (SELECT 1 FROM FORNECEDOR WHERE FORNECEDOR.USUARIO_ID = V_USUARIO_FORNECEDOR) THEN
        INSERT INTO ENDERECO (CIDADE, ESTADO, RUA, NUMERO, COMPLEMENTO, BAIRRO, CEP) VALUES ('Caxias do Sul', 'RS', 'Rua Fornecedor API', '404', NULL, 'Industrial', '95000-004') RETURNING ENDERECO_ID INTO V_ENDERECO_ID;
        INSERT INTO FORNECEDOR (USUARIO_ID, ENDERECO_ID, NOME, DESCRICAO, TELEFONE) VALUES (V_USUARIO_FORNECEDOR, V_ENDERECO_ID, 'Fornecedor API Teste', 'Fornecedor criado para testes de pedidos', '5433330000') RETURNING FORNECEDOR_ID INTO V_FORNECEDOR_ID;
    ELSE
        SELECT FORNECEDOR.FORNECEDOR_ID INTO V_FORNECEDOR_ID FROM FORNECEDOR WHERE FORNECEDOR.USUARIO_ID = V_USUARIO_FORNECEDOR;
    END IF;
    SELECT PRODUTO.PRODUTO_ID INTO V_PRODUTO_NOTEBOOK FROM PRODUTO WHERE PRODUTO.NOME = 'Notebook API Teste' LIMIT 1;
    IF V_PRODUTO_NOTEBOOK IS NULL THEN
        INSERT INTO PRODUTO (FORNECEDOR_ID, NOME, DESCRICAO, FOTO) VALUES (V_FORNECEDOR_ID, 'Notebook API Teste', 'Notebook para testar pedidos com múltiplos itens', NULL) RETURNING PRODUTO_ID INTO V_PRODUTO_NOTEBOOK;
        INSERT INTO ESTOQUE (PRODUTO_ID, QUANTIDADE, PRECO) VALUES (V_PRODUTO_NOTEBOOK, 20, 3500.00);
    END IF;
    SELECT PRODUTO.PRODUTO_ID INTO V_PRODUTO_MOUSE FROM PRODUTO WHERE PRODUTO.NOME = 'Mouse API Teste' LIMIT 1;
    IF V_PRODUTO_MOUSE IS NULL THEN
        INSERT INTO PRODUTO (FORNECEDOR_ID, NOME, DESCRICAO, FOTO) VALUES (V_FORNECEDOR_ID, 'Mouse API Teste', 'Mouse sem fio para testes da API', NULL) RETURNING PRODUTO_ID INTO V_PRODUTO_MOUSE;
        INSERT INTO ESTOQUE (PRODUTO_ID, QUANTIDADE, PRECO) VALUES (V_PRODUTO_MOUSE, 50, 89.90);
    END IF;
    SELECT PRODUTO.PRODUTO_ID INTO V_PRODUTO_TECLADO FROM PRODUTO WHERE PRODUTO.NOME = 'Teclado API Teste' LIMIT 1;
    IF V_PRODUTO_TECLADO IS NULL THEN
        INSERT INTO PRODUTO (FORNECEDOR_ID, NOME, DESCRICAO, FOTO) VALUES (V_FORNECEDOR_ID, 'Teclado API Teste', 'Teclado mecânico para testes da API', NULL) RETURNING PRODUTO_ID INTO V_PRODUTO_TECLADO;
        INSERT INTO ESTOQUE (PRODUTO_ID, QUANTIDADE, PRECO) VALUES (V_PRODUTO_TECLADO, 35, 249.90);
    END IF;
    SELECT PRODUTO.PRODUTO_ID INTO V_PRODUTO_MONITOR FROM PRODUTO WHERE PRODUTO.NOME = 'Monitor API Teste' LIMIT 1;
    IF V_PRODUTO_MONITOR IS NULL THEN
        INSERT INTO PRODUTO (FORNECEDOR_ID, NOME, DESCRICAO, FOTO) VALUES (V_FORNECEDOR_ID, 'Monitor API Teste', 'Monitor para testes da API de pedidos', NULL) RETURNING PRODUTO_ID INTO V_PRODUTO_MONITOR;
        INSERT INTO ESTOQUE (PRODUTO_ID, QUANTIDADE, PRECO) VALUES (V_PRODUTO_MONITOR, 15, 1299.90);
    END IF;
    SELECT PRODUTO.PRODUTO_ID INTO V_PRODUTO_HEADSET FROM PRODUTO WHERE PRODUTO.NOME = 'Headset API Teste' LIMIT 1;
    IF V_PRODUTO_HEADSET IS NULL THEN
        INSERT INTO PRODUTO (FORNECEDOR_ID, NOME, DESCRICAO, FOTO) VALUES (V_FORNECEDOR_ID, 'Headset API Teste', 'Headset para pedido com muitos itens', NULL) RETURNING PRODUTO_ID INTO V_PRODUTO_HEADSET;
        INSERT INTO ESTOQUE (PRODUTO_ID, QUANTIDADE, PRECO) VALUES (V_PRODUTO_HEADSET, 25, 179.90);
    END IF;
    SELECT PRODUTO.PRODUTO_ID INTO V_PRODUTO_WEBCAM FROM PRODUTO WHERE PRODUTO.NOME = 'Webcam API Teste' LIMIT 1;
    IF V_PRODUTO_WEBCAM IS NULL THEN
        INSERT INTO PRODUTO (FORNECEDOR_ID, NOME, DESCRICAO, FOTO) VALUES (V_FORNECEDOR_ID, 'Webcam API Teste', 'Webcam full HD para testes de pedido', NULL) RETURNING PRODUTO_ID INTO V_PRODUTO_WEBCAM;
        INSERT INTO ESTOQUE (PRODUTO_ID, QUANTIDADE, PRECO) VALUES (V_PRODUTO_WEBCAM, 30, 219.90);
    END IF;
    SELECT PRODUTO.PRODUTO_ID INTO V_PRODUTO_CADEIRA FROM PRODUTO WHERE PRODUTO.NOME = 'Cadeira Gamer API Teste' LIMIT 1;
    IF V_PRODUTO_CADEIRA IS NULL THEN
        INSERT INTO PRODUTO (FORNECEDOR_ID, NOME, DESCRICAO, FOTO) VALUES (V_FORNECEDOR_ID, 'Cadeira Gamer API Teste', 'Cadeira gamer para compor pedido grande', NULL) RETURNING PRODUTO_ID INTO V_PRODUTO_CADEIRA;
        INSERT INTO ESTOQUE (PRODUTO_ID, QUANTIDADE, PRECO) VALUES (V_PRODUTO_CADEIRA, 12, 899.90);
    END IF;
    SELECT PRODUTO.PRODUTO_ID INTO V_PRODUTO_SSD FROM PRODUTO WHERE PRODUTO.NOME = 'SSD API Teste' LIMIT 1;
    IF V_PRODUTO_SSD IS NULL THEN
        INSERT INTO PRODUTO (FORNECEDOR_ID, NOME, DESCRICAO, FOTO) VALUES (V_FORNECEDOR_ID, 'SSD API Teste', 'SSD 1TB para testes de pedido detalhado', NULL) RETURNING PRODUTO_ID INTO V_PRODUTO_SSD;
        INSERT INTO ESTOQUE (PRODUTO_ID, QUANTIDADE, PRECO) VALUES (V_PRODUTO_SSD, 40, 399.90);
    END IF;
    SELECT PRODUTO.PRODUTO_ID INTO V_PRODUTO_MEMORIA FROM PRODUTO WHERE PRODUTO.NOME = 'Memoria RAM API Teste' LIMIT 1;
    IF V_PRODUTO_MEMORIA IS NULL THEN
        INSERT INTO PRODUTO (FORNECEDOR_ID, NOME, DESCRICAO, FOTO) VALUES (V_FORNECEDOR_ID, 'Memoria RAM API Teste', 'Memoria RAM 16GB para testes', NULL) RETURNING PRODUTO_ID INTO V_PRODUTO_MEMORIA;
        INSERT INTO ESTOQUE (PRODUTO_ID, QUANTIDADE, PRECO) VALUES (V_PRODUTO_MEMORIA, 45, 299.90);
    END IF;
    SELECT PRODUTO.PRODUTO_ID INTO V_PRODUTO_ROTEADOR FROM PRODUTO WHERE PRODUTO.NOME = 'Roteador API Teste' LIMIT 1;
    IF V_PRODUTO_ROTEADOR IS NULL THEN
        INSERT INTO PRODUTO (FORNECEDOR_ID, NOME, DESCRICAO, FOTO) VALUES (V_FORNECEDOR_ID, 'Roteador API Teste', 'Roteador wireless para testes de venda', NULL) RETURNING PRODUTO_ID INTO V_PRODUTO_ROTEADOR;
        INSERT INTO ESTOQUE (PRODUTO_ID, QUANTIDADE, PRECO) VALUES (V_PRODUTO_ROTEADOR, 22, 189.90);
    END IF;
    SELECT PRODUTO.PRODUTO_ID INTO V_PRODUTO_IMPRESSORA FROM PRODUTO WHERE PRODUTO.NOME = 'Impressora API Teste' LIMIT 1;
    IF V_PRODUTO_IMPRESSORA IS NULL THEN
        INSERT INTO PRODUTO (FORNECEDOR_ID, NOME, DESCRICAO, FOTO) VALUES (V_FORNECEDOR_ID, 'Impressora API Teste', 'Impressora multifuncional para pedido teste', NULL) RETURNING PRODUTO_ID INTO V_PRODUTO_IMPRESSORA;
        INSERT INTO ESTOQUE (PRODUTO_ID, QUANTIDADE, PRECO) VALUES (V_PRODUTO_IMPRESSORA, 10, 749.90);
    END IF;
    SELECT PRODUTO.PRODUTO_ID INTO V_PRODUTO_TABLET FROM PRODUTO WHERE PRODUTO.NOME = 'Tablet API Teste' LIMIT 1;
    IF V_PRODUTO_TABLET IS NULL THEN
        INSERT INTO PRODUTO (FORNECEDOR_ID, NOME, DESCRICAO, FOTO) VALUES (V_FORNECEDOR_ID, 'Tablet API Teste', 'Tablet para validacao de pedido com 12 produtos', NULL) RETURNING PRODUTO_ID INTO V_PRODUTO_TABLET;
        INSERT INTO ESTOQUE (PRODUTO_ID, QUANTIDADE, PRECO) VALUES (V_PRODUTO_TABLET, 18, 1099.90);
    END IF;
    IF NOT EXISTS (SELECT 1 FROM PEDIDO WHERE PEDIDO.PEDIDO_NUMERO = 1002) THEN
        INSERT INTO PEDIDO (CLIENTE_ID, PEDIDO_NUMERO, DATA_PEDIDO, DATA_ENTREGA, DATA_CANCELAMENTO, SITUACAO_ID) VALUES (V_CLIENTE_ANA, 1002, CURRENT_TIMESTAMP - INTERVAL '10 DAYS', NULL, NULL, V_SIT_NOVO) RETURNING PEDIDO_ID INTO V_PEDIDO_ID;
        INSERT INTO ITEM_PEDIDO (PEDIDO_ID, PRODUTO_ID, QUANTIDADE, PRECO) VALUES (V_PEDIDO_ID, V_PRODUTO_NOTEBOOK, 1, 3500.00);
        INSERT INTO ITEM_PEDIDO (PEDIDO_ID, PRODUTO_ID, QUANTIDADE, PRECO) VALUES (V_PEDIDO_ID, V_PRODUTO_MOUSE, 2, 89.90);
        INSERT INTO ITEM_PEDIDO (PEDIDO_ID, PRODUTO_ID, QUANTIDADE, PRECO) VALUES (V_PEDIDO_ID, V_PRODUTO_TECLADO, 1, 249.90);
    END IF;
    IF NOT EXISTS (SELECT 1 FROM PEDIDO WHERE PEDIDO.PEDIDO_NUMERO = 1003) THEN
        INSERT INTO PEDIDO (CLIENTE_ID, PEDIDO_NUMERO, DATA_PEDIDO, DATA_ENTREGA, DATA_CANCELAMENTO, SITUACAO_ID) VALUES (V_CLIENTE_BRUNO, 1003, CURRENT_TIMESTAMP - INTERVAL '9 DAYS', CURRENT_TIMESTAMP - INTERVAL '7 DAYS', NULL, V_SIT_ENTREGUE) RETURNING PEDIDO_ID INTO V_PEDIDO_ID;
        INSERT INTO ITEM_PEDIDO (PEDIDO_ID, PRODUTO_ID, QUANTIDADE, PRECO) VALUES (V_PEDIDO_ID, V_PRODUTO_MONITOR, 1, 1299.90);
    END IF;
    IF NOT EXISTS (SELECT 1 FROM PEDIDO WHERE PEDIDO.PEDIDO_NUMERO = 1004) THEN
        INSERT INTO PEDIDO (CLIENTE_ID, PEDIDO_NUMERO, DATA_PEDIDO, DATA_ENTREGA, DATA_CANCELAMENTO, SITUACAO_ID) VALUES (V_CLIENTE_CARLA, 1004, CURRENT_TIMESTAMP - INTERVAL '8 DAYS', NULL, CURRENT_TIMESTAMP - INTERVAL '6 DAYS', V_SIT_CANCELADO) RETURNING PEDIDO_ID INTO V_PEDIDO_ID;
        INSERT INTO ITEM_PEDIDO (PEDIDO_ID, PRODUTO_ID, QUANTIDADE, PRECO) VALUES (V_PEDIDO_ID, V_PRODUTO_MOUSE, 1, 89.90);
    END IF;
    IF NOT EXISTS (SELECT 1 FROM PEDIDO WHERE PEDIDO.PEDIDO_NUMERO = 1005) THEN
        INSERT INTO PEDIDO (CLIENTE_ID, PEDIDO_NUMERO, DATA_PEDIDO, DATA_ENTREGA, DATA_CANCELAMENTO, SITUACAO_ID) VALUES (V_CLIENTE_ANA, 1005, CURRENT_TIMESTAMP - INTERVAL '7 DAYS', NULL, NULL, V_SIT_NOVO) RETURNING PEDIDO_ID INTO V_PEDIDO_ID;
        INSERT INTO ITEM_PEDIDO (PEDIDO_ID, PRODUTO_ID, QUANTIDADE, PRECO) VALUES (V_PEDIDO_ID, V_PRODUTO_TECLADO, 2, 249.90);
        INSERT INTO ITEM_PEDIDO (PEDIDO_ID, PRODUTO_ID, QUANTIDADE, PRECO) VALUES (V_PEDIDO_ID, V_PRODUTO_MOUSE, 1, 89.90);
    END IF;
    IF NOT EXISTS (SELECT 1 FROM PEDIDO WHERE PEDIDO.PEDIDO_NUMERO = 1006) THEN
        INSERT INTO PEDIDO (CLIENTE_ID, PEDIDO_NUMERO, DATA_PEDIDO, DATA_ENTREGA, DATA_CANCELAMENTO, SITUACAO_ID) VALUES (V_CLIENTE_BRUNO, 1006, CURRENT_TIMESTAMP - INTERVAL '6 DAYS', NULL, NULL, V_SIT_NOVO) RETURNING PEDIDO_ID INTO V_PEDIDO_ID;
        INSERT INTO ITEM_PEDIDO (PEDIDO_ID, PRODUTO_ID, QUANTIDADE, PRECO) VALUES (V_PEDIDO_ID, V_PRODUTO_NOTEBOOK, 1, 3500.00);
    END IF;
    IF NOT EXISTS (SELECT 1 FROM PEDIDO WHERE PEDIDO.PEDIDO_NUMERO = 1007) THEN
        INSERT INTO PEDIDO (CLIENTE_ID, PEDIDO_NUMERO, DATA_PEDIDO, DATA_ENTREGA, DATA_CANCELAMENTO, SITUACAO_ID) VALUES (V_CLIENTE_CARLA, 1007, CURRENT_TIMESTAMP - INTERVAL '5 DAYS', CURRENT_TIMESTAMP - INTERVAL '3 DAYS', NULL, V_SIT_ENTREGUE) RETURNING PEDIDO_ID INTO V_PEDIDO_ID;
        INSERT INTO ITEM_PEDIDO (PEDIDO_ID, PRODUTO_ID, QUANTIDADE, PRECO) VALUES (V_PEDIDO_ID, V_PRODUTO_MONITOR, 1, 1299.90);
        INSERT INTO ITEM_PEDIDO (PEDIDO_ID, PRODUTO_ID, QUANTIDADE, PRECO) VALUES (V_PEDIDO_ID, V_PRODUTO_TECLADO, 1, 249.90);
    END IF;
    IF NOT EXISTS (SELECT 1 FROM PEDIDO WHERE PEDIDO.PEDIDO_NUMERO = 1008) THEN
        INSERT INTO PEDIDO (CLIENTE_ID, PEDIDO_NUMERO, DATA_PEDIDO, DATA_ENTREGA, DATA_CANCELAMENTO, SITUACAO_ID) VALUES (V_CLIENTE_ANA, 1008, CURRENT_TIMESTAMP - INTERVAL '4 DAYS', NULL, NULL, V_SIT_NOVO) RETURNING PEDIDO_ID INTO V_PEDIDO_ID;
        INSERT INTO ITEM_PEDIDO (PEDIDO_ID, PRODUTO_ID, QUANTIDADE, PRECO) VALUES (V_PEDIDO_ID, V_PRODUTO_MOUSE, 3, 89.90);
    END IF;
    IF NOT EXISTS (SELECT 1 FROM PEDIDO WHERE PEDIDO.PEDIDO_NUMERO = 1009) THEN
        INSERT INTO PEDIDO (CLIENTE_ID, PEDIDO_NUMERO, DATA_PEDIDO, DATA_ENTREGA, DATA_CANCELAMENTO, SITUACAO_ID) VALUES (V_CLIENTE_BRUNO, 1009, CURRENT_TIMESTAMP - INTERVAL '3 DAYS', NULL, NULL, V_SIT_NOVO) RETURNING PEDIDO_ID INTO V_PEDIDO_ID;
        INSERT INTO ITEM_PEDIDO (PEDIDO_ID, PRODUTO_ID, QUANTIDADE, PRECO) VALUES (V_PEDIDO_ID, V_PRODUTO_TECLADO, 1, 249.90);
    END IF;
    IF NOT EXISTS (SELECT 1 FROM PEDIDO WHERE PEDIDO.PEDIDO_NUMERO = 1010) THEN
        INSERT INTO PEDIDO (CLIENTE_ID, PEDIDO_NUMERO, DATA_PEDIDO, DATA_ENTREGA, DATA_CANCELAMENTO, SITUACAO_ID) VALUES (V_CLIENTE_CARLA, 1010, CURRENT_TIMESTAMP - INTERVAL '2 DAYS', NULL, NULL, V_SIT_NOVO) RETURNING PEDIDO_ID INTO V_PEDIDO_ID;
        INSERT INTO ITEM_PEDIDO (PEDIDO_ID, PRODUTO_ID, QUANTIDADE, PRECO) VALUES (V_PEDIDO_ID, V_PRODUTO_NOTEBOOK, 1, 3500.00);
        INSERT INTO ITEM_PEDIDO (PEDIDO_ID, PRODUTO_ID, QUANTIDADE, PRECO) VALUES (V_PEDIDO_ID, V_PRODUTO_MONITOR, 1, 1299.90);
    END IF;
    IF NOT EXISTS (SELECT 1 FROM PEDIDO WHERE PEDIDO.PEDIDO_NUMERO = 1011) THEN
        INSERT INTO PEDIDO (CLIENTE_ID, PEDIDO_NUMERO, DATA_PEDIDO, DATA_ENTREGA, DATA_CANCELAMENTO, SITUACAO_ID) VALUES (V_CLIENTE_ANA, 1011, CURRENT_TIMESTAMP - INTERVAL '1 DAY', NULL, CURRENT_TIMESTAMP, V_SIT_CANCELADO) RETURNING PEDIDO_ID INTO V_PEDIDO_ID;
        INSERT INTO ITEM_PEDIDO (PEDIDO_ID, PRODUTO_ID, QUANTIDADE, PRECO) VALUES (V_PEDIDO_ID, V_PRODUTO_MOUSE, 1, 89.90);
        INSERT INTO ITEM_PEDIDO (PEDIDO_ID, PRODUTO_ID, QUANTIDADE, PRECO) VALUES (V_PEDIDO_ID, V_PRODUTO_TECLADO, 1, 249.90);
    END IF;
    IF NOT EXISTS (SELECT 1 FROM PEDIDO WHERE PEDIDO.PEDIDO_NUMERO = 1012) THEN
        INSERT INTO PEDIDO (CLIENTE_ID, PEDIDO_NUMERO, DATA_PEDIDO, DATA_ENTREGA, DATA_CANCELAMENTO, SITUACAO_ID) VALUES (V_CLIENTE_BRUNO, 1012, CURRENT_TIMESTAMP, NULL, NULL, V_SIT_NOVO) RETURNING PEDIDO_ID INTO V_PEDIDO_ID;
        INSERT INTO ITEM_PEDIDO (PEDIDO_ID, PRODUTO_ID, QUANTIDADE, PRECO) VALUES (V_PEDIDO_ID, V_PRODUTO_MONITOR, 2, 1299.90);
        INSERT INTO ITEM_PEDIDO (PEDIDO_ID, PRODUTO_ID, QUANTIDADE, PRECO) VALUES (V_PEDIDO_ID, V_PRODUTO_MOUSE, 2, 89.90);
    END IF;
    IF NOT EXISTS (SELECT 1 FROM PEDIDO WHERE PEDIDO.PEDIDO_NUMERO = 1013) THEN
        INSERT INTO PEDIDO (CLIENTE_ID, PEDIDO_NUMERO, DATA_PEDIDO, DATA_ENTREGA, DATA_CANCELAMENTO, SITUACAO_ID) VALUES (V_CLIENTE_ANA, 1013, CURRENT_TIMESTAMP, NULL, NULL, V_SIT_NOVO) RETURNING PEDIDO_ID INTO V_PEDIDO_ID;
        INSERT INTO ITEM_PEDIDO (PEDIDO_ID, PRODUTO_ID, QUANTIDADE, PRECO) VALUES (V_PEDIDO_ID, V_PRODUTO_NOTEBOOK, 1, 3500.00);
        INSERT INTO ITEM_PEDIDO (PEDIDO_ID, PRODUTO_ID, QUANTIDADE, PRECO) VALUES (V_PEDIDO_ID, V_PRODUTO_MOUSE, 1, 89.90);
        INSERT INTO ITEM_PEDIDO (PEDIDO_ID, PRODUTO_ID, QUANTIDADE, PRECO) VALUES (V_PEDIDO_ID, V_PRODUTO_TECLADO, 1, 249.90);
        INSERT INTO ITEM_PEDIDO (PEDIDO_ID, PRODUTO_ID, QUANTIDADE, PRECO) VALUES (V_PEDIDO_ID, V_PRODUTO_MONITOR, 1, 1299.90);
        INSERT INTO ITEM_PEDIDO (PEDIDO_ID, PRODUTO_ID, QUANTIDADE, PRECO) VALUES (V_PEDIDO_ID, V_PRODUTO_HEADSET, 1, 179.90);
        INSERT INTO ITEM_PEDIDO (PEDIDO_ID, PRODUTO_ID, QUANTIDADE, PRECO) VALUES (V_PEDIDO_ID, V_PRODUTO_WEBCAM, 1, 219.90);
        INSERT INTO ITEM_PEDIDO (PEDIDO_ID, PRODUTO_ID, QUANTIDADE, PRECO) VALUES (V_PEDIDO_ID, V_PRODUTO_CADEIRA, 1, 899.90);
        INSERT INTO ITEM_PEDIDO (PEDIDO_ID, PRODUTO_ID, QUANTIDADE, PRECO) VALUES (V_PEDIDO_ID, V_PRODUTO_SSD, 1, 399.90);
        INSERT INTO ITEM_PEDIDO (PEDIDO_ID, PRODUTO_ID, QUANTIDADE, PRECO) VALUES (V_PEDIDO_ID, V_PRODUTO_MEMORIA, 1, 299.90);
        INSERT INTO ITEM_PEDIDO (PEDIDO_ID, PRODUTO_ID, QUANTIDADE, PRECO) VALUES (V_PEDIDO_ID, V_PRODUTO_ROTEADOR, 1, 189.90);
        INSERT INTO ITEM_PEDIDO (PEDIDO_ID, PRODUTO_ID, QUANTIDADE, PRECO) VALUES (V_PEDIDO_ID, V_PRODUTO_IMPRESSORA, 1, 749.90);
        INSERT INTO ITEM_PEDIDO (PEDIDO_ID, PRODUTO_ID, QUANTIDADE, PRECO) VALUES (V_PEDIDO_ID, V_PRODUTO_TABLET, 1, 1099.90);
    END IF;
END $$;
